author_Name,subject,clean_title,clean_author,clean_subject,isPhilosophy,isCorrect
"['Alain Connes', 'Andre Lichnerowicz', 'Marcel Paul Schutzenberger']","['Mathematics', 'Science', 'Philosophy', 'Physics', 'Wiskunde', 'Natuurkunde', 'Philosophy of mathematics', 'Philosophy of science', 'Science/Mathematics', 'Trigonometry', 'Philosophy & Social Aspects']",triangle of thoughts,'Alain Connes' 'Andre Lichnerowicz' 'Marcel Paul Schutzenberger',['Philosophy of Science'],1,1
"['Alex Rosenberg', 'Lee C. McIntyre']","['Science, philosophy']",philosophy of science,'Alex Rosenberg' 'Lee C McIntyre',['Uncategorized'],1,0
['David R. Hawkins'],"['Truthfulness and falsehood', 'Consciousness', 'Spiritualism (Philosophy)', 'Self-actualization (psychology)']",truth vs falsehood,'David R Hawkins',['Philosophy of Mind'],1,1
"['Naomi Oreskes', 'Stephen Macedo', 'Ottmar Edenhofer', 'Jon Krosnick', 'Marc Lange']","['Science, philosophy', 'Science', 'Social aspects', 'Philosophy', 'Science--philosophy', '501']",why trust science,'Naomi Oreskes' 'Stephen Macedo' 'Ottmar Edenhofer' 'Jon Krosnick' 'Marc Lange',['Uncategorized'],1,0
"['Judah ha-Levi', 'Ha-Levi Judah', 'N. Daniel Korobkin']","['Apologetic works', 'Commentaries', 'Correspondence', 'Early works to 1800', 'Jewish Philosophy', 'Jewish statesmen', 'Judaism', 'Khazars', 'Medieval Philosophy', 'Philosophy, Jewish', 'Philosophy, Medieval', 'Jewish studies', 'Oriental & Indian philosophy', 'Religion - Judaism', 'Religion', 'Judaism - Theology', 'Judaism - General', 'Judaism, apologetic works']",kitāb alḥujjah,'Judah ha-Levi' 'Ha-Levi Judah' 'N Daniel Korobkin',['Philosophy of Religion’],1,0
"['Pierre Teilhard de Chardin', 'Pierre Teilhard de Chardin']","['Philosophy', 'Christianity', 'Christianisme', 'Philosophie', 'Philosophy, modern', 'Christianity, philosophy', 'Cosmology', 'Religious aspects', 'Evolution']",milieu divin,'Pierre Teilhard de Chardin' 'Pierre Teilhard de Chardin',['Uncategorized'],1,0
['Robert M. Pirsig'],"['Pirsig, Robert M.', 'Biography', 'Description and travel', 'Fathers and sons', 'Journeys', 'Maintenance and repair', 'Motorcycles', 'Nonfiction', 'Philosophy', 'Philosophy and civilization', 'Popular culture', 'Psychology', 'Self', 'Zen Buddhism and science', 'Conduct of life', 'Existentialism', 'Travel', 'Values', 'Social Values', 'Autobiography', '18.06 Anglo-American literature', 'Zen buddhism', 'Motorcycles, maintenance and repair', 'United states, description and travel', 'Christmas decorations', 'Handicraft', 'Open Library Staff Picks', 'Essentialism (Philosophy)', 'Pirsig, Robert M', 'Pirsing, Robert M.', 'Pirsig, robert m.', 'Zen buddhism and science', 'Social values', '18.06 anglo-american literature', 'Open library staff picks', 'Essentialism (philosophy)', 'General', 'Pirsig, robert m', 'Fathers and sons--united states', 'Ct275.p648 a3 1974', '917.3/04/920924 b']",zen and the art of motorcycle maintenance,'Robert M Pirsig',"['Existentialism', 'Ethics']",1,1
['Carl Gustav Jung'],"['Good and evil', 'Psychoanalysis and religion', 'Religion and ethics', 'Philosophy', 'Psychological aspects']",jung on evil,'Carl Gustav Jung',"['Philosophy of Psychiatry', 'Philosophy of Religion', 'Ethics']",1,1
['Paul Auster'],"['Literature', 'History and criticism', 'Modern Literature', 'Appreciation', 'Literacy', 'Fiction, short stories (single author)', 'Auster, paul, 1947-', 'Authors', 'Auster, paul, 1947-2024', 'Philosophy']",the art of hunger,'Paul Auster',['Uncategorized'],0,—
"['Peter Sloterdijk', 'Peter Sloterkijk', 'Michael Eldred']","['Civilisation', 'Cynicism', 'Cynisme', 'Modern Civilization', 'Skepticism', 'Western philosophy, from c 1900 -', 'Cultural studies', 'Reason', 'Modern Philosophy', 'Modern Ethics']",kritik der zynischen vernunft,'Peter Sloterdijk' 'Peter Sloterkijk' 'Michael Eldred',['Ethics'],1,1
"['Stuart Hall', 'STUART HALL', 'Sean Nixon', 'Jessica Evans']","['Culture', 'Representation (Philosophy)', 'Social perception']",representation,'Stuart Hall' 'STUART HALL' 'Sean Nixon' 'Jessica Evans',['Aesthetics'],,
['Inazo Nitobe'],"['Bushido', 'Christ', 'Japanese morality', 'Social life and customs', 'Samurai', 'Civilization', 'Japanese Philosophy', 'Ethics', 'Manners and customs', 'History', 'Japan, history', 'Japan, social life and customs']",bushido the soul of japan,'Inazo Nitobe',['Ethics'],0,—
['James Hutchison Stirling'],"['Hegel, Georg Wilhelm Friedrich, 1770-1831', 'Philosophy']",the secret of hegel,'James Hutchison Stirling',['Uncategorized'],1,0
['Linda Weintraub'],"['Modern Art', 'Art, philosophy', 'Art, modern, 20th century', 'Art and society']",art on the edgeand over,'Linda Weintraub',['Aesthetics'],1,1
['Lewis Carroll'],"['Fantasy', 'Fiction', 'English Nonsense verses', ""Children's poetry, English"", 'Nonsense verses', 'English poetry', 'Alice (Fictitious character : Carroll)', 'Toy and movable books', 'English Fantasy poetry', ""Children's stories"", 'Juvenile literature', 'Specimens', 'Juvenile fiction', 'Translations into Italian', ""Artists' books"", 'Shaw alphabet', ""Children's stories, English"", ""Children's fiction"", 'Fantasy fiction', 'Alice (fictitious character : carroll), fiction', 'British and irish fiction (fictional works by one author)', 'Fiction, fantasy, general', ""Children's poetry"", 'Adventure and adventurers, fiction', 'Large type books', 'Classic Literature', 'Translations into German', ""Children's literature"", 'Dictionaries', 'English language', 'Spanish', 'Imaginary places', 'Korean', 'German', 'Chinese', 'Child and youth fiction', 'Texts', 'Latin language', 'Translations into French', 'English Fantasy fiction', 'Girls, fiction', 'Literature and fiction, juvenile', 'Fairy tales', 'Literature and fiction (general)', 'Literature and fiction, fantasy', 'Sick, fiction', 'English language, study and teaching, foreign speakers', 'English literature', 'Novela inglesa', 'Literatura inglesa', 'Fantasmes', 'Romans, nouvelles, etc. pour la jeunesse', 'DREAMS', 'Physics, mathematical models', 'Imagination', 'Curiosity', 'Decision making', 'Juvenile Wit and humor', 'Children', 'Conduct of life', 'Adventure and adventurers', 'Illusion (Philosophy)', 'Queens', 'Chess', 'Twins', 'Unicorns', 'Animals', 'Insects', 'Flowers', 'Portmanteau words', 'Fiction, classics']",through the lookingglass,'Lewis Carroll',['Philosophy of Science'],0,—
['Paul Ricœur'],"['Civilization', 'History', 'Philosophy']",histoire et vérité,'Paul Ricœur',['Uncategorized'],1,1
['Walter Lippmann'],"['Democracy', 'Politique', 'Démocratie', 'Philosophy', 'Political science', 'Science politique', 'Política', 'Politisches Denken', '89.06 political philosophy', 'Liberty', 'Political philosophy']",essays in the public philosophy,'Walter Lippmann',['Political Philosophy'],1,1
['Frank Summers'],"['Psychotherapy', 'Psychotherapist and patient', 'Transcendence (philosophy)', 'Transcendence (Philosophy)', 'Philosophy', 'Medical personnel and patient', 'Professional-Patient Relations', 'Relations psychothérapeutiques', 'Transcendance (Philosophie)', 'Philosophie', 'Relations personnel médical-patient', 'Psychothérapie', 'PSYCHOLOGY', 'General']",psychoanalytic vision,'Frank Summers',['Philosophy of Psychiatry'],1,1
"['Louis P. Pojman', 'Lewis Vaughn']",['Philosophy'],classics of philosophy,'Louis P Pojman' 'Lewis Vaughn',['Uncategorized'],1,1
['Theodor W. Adorno'],"['Education', 'Philosophy', 'Philosophy of education']",erziehung zur mündigkeit,'Theodor W Adorno',['Uncategorized'],1,1
['Keith H. Basso'],"['Apache Names', 'Apache philosophy', 'Arizona', 'Discourse analysis', 'Etymology', 'Geographical Names', 'Human geography', 'Names', 'Names, Apache', 'Names, Geographical', 'Philosophy', 'Western Apache language', 'Indians of north america, west (u.s.)', 'Indians of north america, languages', 'Names, geographical, united states', 'FOREIGN LANGUAGE STUDY', 'Native American Languages', 'Apache (taal)', 'Taalgebruik', 'Landschappen', 'Ethnolinguistik', 'Sprachgeografie', 'Westliche Apachen-Sprache', 'Apache (Idiens)', 'Langues indiennes', 'Langues athapascan', 'Analyse du discours', 'Noms géographiques', 'Noms']",wisdom sits in places,'Keith H Basso',['Uncategorized'],0,—
['David George Haskell'],"['Nature observation', 'Seasons', 'Old growth forests', 'Philosophy of nature', 'Natural history', 'Old growth forest ecology', 'Forest ecology', 'Natural history, united states', 'Nature study', 'National observer']",the forest unseen,'David George Haskell',['Philosophy of Nature'],1,1
['Martha E. Rogers'],"['Philosophy', 'Nursing', 'Soins infirmiers', 'Research']",an introduction to the theoretical basis of nursing,'Martha E Rogers',['Uncategorized'],0,—
"['Robert E. Goodin', 'Philip Pettit', 'Thomas W. Pogge']","['Philosophy', 'Political science', 'Political', 'Political science, philosophy', 'Political science--philosophy', 'Ja71 .c565 1993', '320/.01']",a companion to contemporary political philosophy,'Robert E Goodin' 'Philip Pettit' 'Thomas W Pogge',['Political Philosophy'],1,1
['Cicero'],"['Ancient Ethics', 'Biography', 'Concordances', 'Conduct of life', 'Criticism and interpretation', 'Duty', 'Early works to 1800', 'Ethics', 'Friendship', 'Latin essays', 'Miniature books', 'Old age', 'Orators', 'Paradox', 'Philosophy', 'Roman law', 'Specimens', 'Translations into Armenian', 'Political science, early works to 1800', 'Ethics, ancient', 'Ethiek', 'Stoa', 'Politicsethics', 'Pa6296 .d5 1994', '171/.2']",de officiis,'Cicero',"['Political Philosophy', 'Ethics', 'Ancient Philosophy']",1,1
['Mario Livio'],"['Discoveries in science', 'Logic, Symbolic and mathematical', 'Mathematicians', 'Mathematics', 'Philosophy', 'Psychology', 'Symbolic and mathematical Logic', 'Mathematics, philosophy', 'Logic, symbolic and mathematical']",is god a mathematician,'Mario Livio',['Logic'],1,1
['Karl Popper'],"['Philosophy', 'Social sciences']",the open society and its enemies,'Karl Popper',['Uncategorized'],1,0
['José Ortega y Gasset'],"['Civilization', 'History', 'Philosophy', 'Modern Philosophy', 'Civilization, history']",en torno a galileo,'José Ortega y Gasset',['Uncategorized'],0,—
['Friedrich Nietzsche'],"['Ethics', 'Asceticism', 'Good and evil', 'Ethiek', 'Etica', 'Nietzsche, friedrich wilhelm, 1844-1900', 'Philosophy, german', 'Mortality', 'Philosophy, modern, 20th century', 'Social', 'PHILOSOPHY', 'Ethics & Moral Philosophy', 'Morals', 'Morale', 'Ascétisme', 'Etik', 'Ethics (philosophy)', 'Literary collections', 'B3313.z73 e5 1998', '170', 'Nietzsche, friedrich wilhelm , 1844-1900', 'B3313 .f79 1994', '193', 'Ethics & moral philosophy - theoretical', 'B3313.z7 e65 1989']",zur genealogie der moral,'Friedrich Nietzsche',['Ethics'],1,1
['Mario Jacoby'],"['Psychotherapy', 'Self-esteem', 'Shame', 'Jung, c. g. (carl gustav), 1875-1961', 'Psychoanalysis, history', 'Psychoanalysis, philosophy', 'Honte', 'Estime de soi', 'PSYCHOLOGY / Physiological Psychology', 'PSYCHOLOGY / Mental Health', 'PSYCHOLOGY / Movements / Jungian', 'Self-perception', 'Self Concept', 'Jungian Theory', 'Perception de soi', 'Psychothérapie', 'PSYCHOLOGY', 'Emotions', 'FAMILY & RELATIONSHIPS', 'Death, Grief, Bereavement']",shame and the origins of selfesteem,'Mario Jacoby',"['Philosophy of Psychiatry', 'Aesthetics']",1,0
['Richard Rorty'],"['Analysis (Philosophy)', 'Civilization', 'Mind and body', 'Modern Philosophy', 'Philosophy', 'Philosophy, Modern', 'Representation (Philosophy)', 'Esprit et corps', 'Philosophie analytique', 'Civilisation', 'Erkenntnistheorie', 'Leib-Seele-Problem', 'Kennis', 'Hermeneutik', 'Analytische Philosophie', 'Geest', 'Représentation (Philosophie)', 'Philosophie', 'Representation (philosophy)', 'Analysis (philosophy)', 'Civilization, philosophy', 'Philosophy, modern']",philosophy and the mirror of nature,'Richard Rorty',['Philosophy of Mind'],1,0
['Étienne Gilson'],"[""Réalisme dans l'art"", 'Art', 'Philosophy', 'Reality', 'Addresses, essays, lectures', 'Peinture', 'Painting', 'Philosophie']",painting and reality,'Étienne Gilson',['Aesthetics'],1,1
['Michael Polanyi'],"['Knowledge, Theory of', 'Philosophy', 'Science', 'Theory of Knowledge', 'Kennisverwerving', 'Connaissance, théorie de la', 'Sciences']",the tacit dimension,'Michael Polanyi',['Uncategorized'],1,0
['Aurelio O. Elevazo'],"['Philosophy', 'Education']",philosophy of philippine education,'Aurelio O Elevazo',['Uncategorized'],0,0
['Gottlob Frege'],"['Addresses, essays, lectures', 'Mathematics', 'Philosophy', 'Symbolic and mathematical Logic', 'Logic, symbolic and mathematical', 'Mathematics, philosophy']",translations from the philosophical writings of gottlob frege,'Gottlob Frege',['Logic'],1,1
['Gabriel Marcel'],"['Knowledge, Theory of (Religion)', 'Religion', 'Philosophy and religion', 'French Philosophy', 'Connaissance, Théorie de la', 'Philosophie']",du refus à linvocation,'Gabriel Marcel',['Philosophy of Religion'],1,1
"['Millar, John']","['History and condition of women', 'Master and servant', 'Parent and child', 'Parent and child (Law)', 'Power (Social sciences)', 'Primitive societies', 'Social classes', 'Social conditions', 'Social status', 'Society, primitive', 'Women', 'History', 'Early works to 1800', 'Anthropology', 'Prehistoric peoples', 'Philosophy, history', 'Millcayac language', 'Origin']",observations concerning the distinction of ranks in society,'Millar John',['Uncategorized'],0,—
['Scott Buchanan'],"['Philosophy', 'Logic', 'Possibility', 'Possibilité', 'PHILOSOPHY', 'Epistemology']",possibility,'Scott Buchanan',"['Logic', 'Epistemology']",1,1
['C.S. Lewis'],"['Study and teaching (Secondary)', 'Religion & Spirituality', 'Philosophy', 'English language', 'Nonfiction', 'Education', 'English language, study and teaching (secondary)', 'Education, philosophy', 'Humanism', 'Philosophical anthropology', 'Theology', 'Values']",the abolition of man,'CS Lewis',"['Philosophy of Religion', 'Ethics']",1,1
['Gianni Vattimo'],"['Hermeneutics', 'Hermenéutique', 'Nihilisme (Politique)', 'Hermenéutica', 'Posmodernism', 'Modernity', 'Modern philosophy', 'Nihilism', 'Postmodernism', 'Herméneutique', 'HERMENÊUTICA', 'Modernism (Aesthetics)']",la fine della modernità,'Gianni Vattimo',"['Aesthetics', 'Critical Theory']",1,1
['Thomas C. Schelling'],"['Negotiation', 'Games of strategy (Mathematics)', 'Négociations', 'International relations', '83.03 methods and techniques of economics', 'Conflicten', 'Stratégie militaire', 'Théorie des jeux', 'Speltheorie', 'Game theory', 'Diplomacy', 'Konfliktlösung', 'Spieltheorie', 'Onderhandelen', 'Psicologia Aplicada', 'Deterrence (Strategy)', 'Philosophy', 'International relations--philosophy', 'Bf637.n4 s3 1980', 'Juegos de estrategia']",the strategy of conflict,'Thomas C Schelling',['Philosophy of Economics'],0,—
['Moncure Daniel Conway'],"['Political and social views', 'Politics and government', 'Civilization', 'PHILOSOPHY / General', 'Political science', 'History', 'Causes', 'Pamphlets', 'Equality', 'Early works to 1800', 'Radicalism', 'Politique et gouvernement', 'Histoire', 'Tracts', 'Radicalisme', 'Ouvrages avant 1800', 'War', 'Political scientists', 'Biography', 'Politologues', 'Biographies', 'PHILOSOPHY', 'General']",thomas paine,'Moncure Daniel Conway',['Political Philosophy'],1,1
['Shannon Hayes'],"['Home economics', 'Philosophy', 'Families', 'Psychological aspects', 'Sustainable living', 'Social values', 'Social problems']",radical homemakers,'Shannon Hayes',"['Philosophy of Economics', 'Ethics']",1,0
['J. N. Farquhar'],"['Hinduism', 'Indische godsdiensten', 'Indische filosofie', '18.64 ancient Indian languages and/or literature', '11.92 Hinduism', '08.10 non-western philosophy', 'Handbooks, manuals', 'Religion']",a primer of hinduism,'J N Farquhar',"['Philosophy of Religion', 'Ancient Philosophy']",1,1
"['Andrew Brook', 'Robert J. Stainton']","['Erkenntnistheorie', 'Einführung', 'Kennistheorie', 'Philosophy of mind', 'Theory of Knowledge', 'Bewusstsein', 'Philosophy of Mind', 'Filosofie van de geest', 'Philosophie', 'Cognitive science', 'Intellect']",knowledge and mind,'Andrew Brook' 'Robert J Stainton',['Philosophy of Mind'],1,1
['Erik Stenius'],"['Philosophy', 'Symbolic and mathematical Logic', 'Language and languages', 'Languages', 'Wittgenstein, Ludwig, 1889-1951. Tractatus logico-philosophicus', 'Tractatus logico-philosophicus (Wittgenstein, Ludwig)', 'Wittgenstein, ludwig, 1889-1951', 'Logic, symbolic and mathematical', 'Language and languages, philosophy']",wittgensteins tractatus,'Erik Stenius',['Logic'],1,1
['Harold H. Titus'],"['Philosophy', 'Philosophie']",living issues in philosophy,'Harold H Titus',['Uncategorized'],0,—
"['Nelson Goodman', 'Geoffrey Hellman']","['Phenomenology', 'Philosophy', 'Science', 'Structuralism', 'System theory', 'Erkenntnistheorie', 'Phénoménologie', 'Structuralisme', 'Sciences', 'Phänomenologie', 'Theorie', 'Systèmes, Théorie des', 'Philosophie', 'Science, philosophy']",the structure of appearance,'Nelson Goodman' 'Geoffrey Hellman',"['Phenomenology', 'Critical Theory']",1,1
['Philip Ball'],"['Sociology', 'Human behavior', 'Physics, popular works', 'Science', 'Philosophy', 'Natural law']",critical mass,'Philip Ball',['Philosophy of Science'],1,1
['Mircea Eliade'],"['Religion', 'History', 'Religions', 'Christian church history', 'Histoire', 'Religiao (historia)', 'Religion, history', 'Religion, philosophy', 'Religions, history', 'Religious history', 'Religiones', 'Historia']",a history of religious ideas volume 3,'Mircea Eliade',['Philosophy of Religion'],1,1
['David Christian'],"['Civilization', 'World history', 'Philosophy', 'Human evolution', 'Civilization -- Philosophy.', 'Human evolution.', 'World history.', 'Wereldgeschiedenis', 'Histoire universelle', 'Évolution', 'Natuurlijke historie', 'Kosmologie', 'Civilisation', 'Philosophie', 'Homme', 'Civilization, philosophy', 'Mensch', 'Evolution', 'Zivilisation', 'Entwicklung', 'Civilization--philosophy', 'Cb19 .c477 2004', '901']",maps of time,'David Christian',['Uncategorized'],0,—
"['James, William']","['Religious Psychology', 'Religion', 'Conversion', 'Philosophy and religion', 'Experience (religion)', 'Psychology, religious', 'Experience (Religion)']",the varieties of religious experience,'James William',['Philosophy of Religion'],1,1
['Πλάτων'],"['Greek Dialogues', 'Ancient Philosophy', 'Greek language materials']",platonis dialogi secundum thrasylli tetralogias dispositi,'Πλάτων',['Ancient Philosophy'],1,1
['Adam Fieled'],"['poetry', 'experimental poetry', 'avant-garde poetry', 'philosophical poetry', 'poems involving philosophy']",quiddities,'Adam Fieled',['Uncategorized'],0,—
['Richard Phillips Feynman'],"['Science', 'Long Now Manual for Civilization', 'Physicists', 'Biography', 'Miscellanea', 'Interviews', 'Physics', 'Sciences', 'Sciences (philosophy)', 'Feynman, richard p. (richard phillips), 1918-1988', 'Physics, popular works', 'Physics, philosophy', 'Science, popular works', 'Science, philosophy', 'Feynman, richard p. (richard phillips) , 1918-1988', 'Science--social aspects', 'Science--social aspects--miscellanea', 'Physicists--united states--biography']",the pleasure of finding things out,'Richard Phillips Feynman',['Philosophy of Science'],1,1
['José Gómez Romero'],"['Philosophy', 'intelligence', 'Western civilization', 'research methods', 'scientific methods']",el método experimental,'José Gómez Romero',['Uncategorized'],1,0
['Thomas Henry Huxley'],"['Science', 'Evolution (Biology)', 'Philosophy', 'Education']",lay sermons addresses and reviews,'Thomas Henry Huxley',['Uncategorized'],1,0
['Jiddu Krishnamurti'],"['Liberty', 'Indic Philosophy']",total freedom,'Jiddu Krishnamurti',['Uncategorized'],1,1
['Colin Allen'],"['Logic', 'PHILOSOPHY']",logic primer,'Colin Allen',['Logic'],1,1
['Kabir'],"['English literature', 'Translations from Hindu', 'Hindu philosophy']",the bijak of kabir,'Kabir',['Uncategorized'],0,—
"['Edward Bulwer Lytton, Baron Lytton']","['Underground areas', 'Subterranean civilization in fiction', 'Utopias', 'Subterranean Civilization', 'Fiction', 'Utopias in fiction', 'Underground areas in fiction', 'Pausanias, in fiction', 'Fiction, historical, general', 'Fiction, science fiction, general', 'Nonfiction', 'Philosophy', 'British and irish fiction (fictional works by one author)', 'Milton, john, 1608-1674', 'Occultism']",the coming race,'Edward Bulwer Lytton Baron Lytton',['Uncategorized'],0,—
['Sarvepalli Radhakrishnan'],"['Hindu Philosophy', 'Philosophie hindoue']",contemporary indian philosophy,'Sarvepalli Radhakrishnan',['Uncategorized'],1,1
['André Gide'],"['Fiction', 'French prose literature', 'Translations into English', 'English prose literature', 'Translations from French', 'Continental european fiction (fictional works by one author)', 'Poetry (poetic works by one author)', 'Philosophy', 'Senses and sensation', 'French literature', 'Literature', 'Translations']",les nourritures terrestres,'Andre Gide',['Uncategorized'],0,—
['J. J. Burlamaqui'],"['Early works to 1800', 'International law', 'International law and relations', 'International relations', 'Law', 'Natural law', 'Philosophy', 'Political science', 'Political science, early works to 1800']",principes du droit naturel,'J J Burlamaqui',['Political Philosophy'],1,1
['Antony Flew'],"['Logic', 'Language and languages', 'Philosophy', 'Languages', 'Addresses, essays, lectures', 'Meaning (Psychology)']",logic and language,'Antony Flew',['Logic'],1,0
['Elizabeth V. Spelman'],"['Feminist theory', 'Féminisme', 'Philosophie', 'Théorie féministe', 'Frauenbewegung', 'Feminism']",inessential woman,'Elizabeth V Spelman',['Philosophy of Gender'],1,1
['Ivan Illich'],"['Soins médicaux', 'Médecine sociale', 'Médecine', 'Maladies iatrogéniques', 'Philosophie', 'Hygiène', 'Delivery of Health Care', 'Delivery of health care.', 'Hygiene', 'Iatrogenic Disease', 'Iatrogenic diseases', 'Medical Philosophy', 'Medical care', 'Medical care.', 'Medical ethics', 'Medicine', 'Philosophy', 'Politics', 'Quality of Health Care', 'Social medicine', 'Sociale gezondheidszorg', 'Latrogenic disease', 'Salud pública', 'Administración', 'Public Health', 'Medicalisering', 'Medicina social', 'Filosofia', 'Social conditions', 'Case studies', 'Politics and government', 'Ideology']",medical nemesis,'Ivan Illich',"['Critical Theory', 'Political Philosophy', 'Ethics']",0,—
['Burnett Hillman Streeter'],"['Philosophy', 'Religion', 'Religion and science']",reality,'Burnett Hillman Streeter',['Philosophy of Religion'],1,0
['David Seamon'],"['Place (philosophy)', 'Place (Philosophy)', 'PHILOSOPHY', 'Metaphysics', 'Philosophy']",life takes place,'David Seamon',['Metaphysics'],1,1
['Alexander Broadie'],"['Intellectual life', 'Enlightenment', 'Scottish Philosophy', 'Philosophy, scottish', 'Scotland, intellectual life']",the cambridge companion to the scottish enlightenment,'Alexander Broadie',['Uncategorized'],0,—
['Gregg Stern'],"['Christianity', 'Christianity and other religions', 'History', 'Jewish Philosophy', 'Jewish learning and scholarship', 'Judaism', 'Medieval Philosophy', 'Relations', 'Philosophy, medieval', 'Jewish philosophy', 'Jews, france', 'Judaism, history', 'Judaism, relations, christianity', 'Christianity and other religions, judaism', 'France, history', 'Languedoc (france)', 'Philosophie médiévale', 'Judaïsme', 'Histoire', 'Christianisme', 'PHILOSOPHY', 'Eastern', 'Interfaith relations', 'Jüdische Philosophie', 'Rabbinismus', 'Kulturkontakt', 'Languedoc', 'Christ']",philosophy and rabbinic culture,'Gregg Stern',['Uncategorized'],1,0
"['Bruce Bueno de Mesquita', 'Alastair Smith', 'Bruce Bueno de Mesquita']","['Political corruption', 'Philosophy', 'Political leadership', 'Power (Social sciences)', 'Leadership', 'Pouvoir politique', 'Dictature', 'Démocratie', 'Leadership politique', 'Corruption', 'Politische Führung', 'Politisches Handeln', 'Macht', 'Einflussnahme', 'Korruption']",the dictators handbook,'Bruce Bueno de Mesquita' 'Alastair Smith' 'Bruce Bueno de Mesquita',['Political Philosophy'],1,1
['Reinhold Niebuhr'],"['Bible', 'Christianity', 'History', 'Philosophy', 'Emotional problems', 'Christian philosophy']",beyond tragedy,'Reinhold Niebuhr',['Uncategorized'],1,0
['Michael B. Schiffer'],"['Methodology', 'Philosophy', 'Archaeology']",advances in archaeological method and theory,'Michael B Schiffer',['Philosophy of Science'],,
['Theodore Dreiser'],"['American fiction', 'Translations into Russian', 'Romance Norte Americano', 'American fiction (fictional works by one author)', 'Philosophy', 'American literature', 'Fiction', 'Romans, nouvelles']",the genius,'Theodore Dreiser',['Uncategorized'],0,—
['Jean Piaget'],"['Education', 'Philosophy', 'Éducation', 'Finalités', ""Déclaration universelle des droits de l'homme"", 'Psychology', 'Recht op onderwijs', 'Bildung', 'Erziehung', 'Education, philosophy']",ou va leducation,'Jean Piaget',['Uncategorized'],0,—
['Herbert Spencer'],"['Science', 'Philosophy', 'Political science']",essays scientific political and speculative,'Herbert Spencer',['Political Philosophy'],1,0
['Clarice Lispector'],"['Romance', 'Fiction', 'Brazil', 'Rio de Janeiro', 'Fiction, general', 'Women', 'Translations into English', 'Social conditions', 'Philosophy', 'Brazilian literature', 'Portuguese literature', 'Brazil, fiction', 'Portuguese fiction']",the passion according to gh,'Clarice Lispector',['Uncategorized'],0,—
['Robert Ellrodt'],"['Criticism and interpretation', 'English poetry', 'Greek influences', 'Influence', 'Neo-platonism', 'Neoplatonism', 'Neoplatonism in literature', 'Philosophy', 'Philosophy in literature', 'Sources', 'Spenser']",neoplatonism in the poetry of spenser,'Robert Ellrodt',['Ancient Philosophy'],1,1
['Luke Rhinehart'],"['Psychiatry', 'Philosophy', 'Psychoanalysis and culture', 'Decision making', 'Fiction', 'Medicine in Literature', 'Moral and ethical aspects', 'Fiction, general']",the dice man,'Luke Rhinehart',"['Philosophy of Psychiatry', 'Ethics']",1,1
['Brand Blanshard'],"['Meaning (Psychology)', 'Necessity (Philosophy)', 'Sociology of Knowledge', 'Theory of Knowledge', 'Thought and thinking', 'Truth']",the nature of thought,'Brand Blanshard',['Metaphysics'],1,1
"['Friedrich Nietzsche', 'Eduardo Ovejero Mauri']","['Aesthetics', 'Estética y filosofía', 'Greek drama (Tragedy)', 'HISTORIA Y CRITICA', 'History and criticism', 'Music', 'Música', 'Philosophy and aesthetics', 'The Tragic', 'Tragedia griega', 'Tragedy', 'Mu sica', 'Lo tra gico', 'Historia y cri tica', 'Filosofi a.']",el origen de la tragedia,'Friedrich Nietzsche' 'Eduardo Ovejero Mauri',['Aesthetics'],1,1
['Vivekananda'],"['Hinduism', 'Hindu philosophy']",teachings of swami vivekananda,'Vivekananda',['Uncategorized'],0,—
['Itzhak Bentov'],"['Consciousness', 'Cosmology', 'Philosophy, modern, 20th century']",stalking the wild pendulum,'Itzhak Bentov',['Philosophy of Mind'],1,1
['Etel Adnan'],"['American Poets', 'Biography', 'Poets, American', 'Art', 'Philosophy', 'Poetry (poetic works by one author)']",journey to mount tamalpais,'Etel Adnan',['Aesthetics'],0,—
['Samuel Enoch Stumpf'],"['Philosophy', 'History', 'Philosophie', 'Histoire', 'Geschichte', 'Philosophy, history']",socrates to sartre,'Samuel Enoch Stumpf',['Uncategorized'],1,0
"['Thomas Jefferson', 'Thomas Jefferson', 'Logan, James']","['Description and travel', 'History', 'Early works to 1800', 'Politics and government', 'Social life and customs', 'Slavery', 'Philosophy', 'Natural history', 'Tobacco industry', 'Tobacco', 'open_syllabus_project', 'Virginia', 'Jefferson, thomas, 1743-1826', 'Virginia, history', 'Political and social views']",notes on the state of virginia,'Thomas Jefferson' 'Thomas Jefferson' 'Logan James',['Political Philosophy'],1,1
['Karl Popper'],"['Theory of Knowledge', 'Induction (Logic)', 'Knowledge, theory of', 'Induction (Logique)', 'Connaissance, Théorie de la', 'Intelligence', 'Methodology', 'Science', 'Philosophy', 'Liberty', 'Determinism (Philosophy)']",objective knowledge,'Karl Popper',"['Logic', 'Metaphysics', 'Philosophy of Science']",1,1
['Roger Ascham'],"['Study and teaching', 'Archery', 'Latin language', 'Education', 'Philosophy', 'History', 'Education, philosophy', 'Germany, history, 1517-1648']",english works,'Roger Ascham',['Uncategorized'],0,—
['Holly Estil Cunningham'],"['Philosophy', 'Logic']",three types of logical theory,'Holly Estil Cunningham',['Logic'],1,1
['Xenophon'],"['Biography', 'Cyrus, King of Persia, d. 529 B.C.', 'Cyrus, in fiction', 'Early works to 1800', 'Education of princes', 'Fiction', 'Greek language', 'Greek literature', 'History', 'Iran in fiction', 'Kings and rulers', 'Readers', 'Greek language materials', 'Cyrus, the great, king of persia, -530 b.c. or 529 b.c.', 'Xenophon', 'Fiction, historical', 'Iran, fiction', 'Romans, nouvelles', 'Histoire', 'General', 'PHILOSOPHY', 'Political', 'Cyropaedia']",cyropaedia,'Xenophon',['Political Philosophy'],1,1
['Henri Bergson'],"['Religion', 'Ethics', 'Philosophy', 'Mysticism', 'Religion and ethics', 'Religion, philosophy']",deux sources de la morale et de la religion,'Henri Bergson',"['Philosophy of Religion', 'Ethics']",1,1
['Antoine Arnauld'],"['French Philosophy', 'Philosophy, french']",oeuvres philosophiques de antoine arnauld,'Antoine Arnauld',['Uncategorized'],0,—
"[""Charles Frederick D'Arcy"", 'Lily Dougall', 'Burnett Hillman Streeter']","['Religion', 'Philosophy', 'God', 'Philosophie', 'Dieu']",god and the struggle for existence,Charles Frederick D'Arcy 'Lily Dougall' 'Burnett Hillman Streeter',['Philosophy of Religion'],1,1
['David J. Chalmers'],['Philosophy of mind'],philosophy of mind,'David J Chalmers',['Philosophy of Mind'],1,1
"['Kelly Oliver', 'Grace Atkinson Little Oliver', 'Kelly Oliver']","['Feminist ethics', 'Political science', 'Feminist theory', 'Modern Ethics', 'Philosophy', 'Psychoanalysis and feminism', 'Ethics, modern, 20th century', 'Political science, philosophy', 'Ethics', 'Political and social views', 'Pensée politique et sociale', 'Morale', 'Éthique féministe', 'Théorie féministe', 'Psychanalyse et féminisme', 'PHILOSOPHY', 'Ethics & Moral Philosophy', 'Social', 'Ethiek', 'Politieke theorie', 'Feminisme']",ethics politics and difference in julia kristevas writing,'Kelly Oliver' 'Grace Atkinson Little Oliver' 'Kelly Oliver',"['Philosophy of Psychiatry', 'Political Philosophy', 'Ethics', 'Philosophy of Gender']",1,1
['Reinhold Niebuhr'],"['Clergy', 'Diaries', 'Office', 'Church and social problems', 'Correspondence, reminiscences', 'Church work with the poor', 'Church history', 'Biography', 'Biographies', 'Clergé', 'Niebuhr, reinhold, 1892-1971', 'United states, history, revolution, 1775-1783, biography', 'Philosophy, german', 'Clergy, biography', 'Correspondence']",leaves from the notebook of a tamed cynic,'Reinhold Niebuhr',['Uncategorized'],0,—
['Sidney Webb'],"['Politics and government', 'Communism', 'Constitution', 'Russia (1923-      U.S.S.R.)  Constitution', 'Russia (1923-     U.S.S.R.).', 'Administrative and political divisions', 'Social conditions', 'Soviet Union', 'Russia', 'Constitutions', 'Politique et gouvernement', 'Communisme', 'Divisions politiques et administratives', 'Kommunismus', 'Sozioökonomischer Wandel', 'Politische Philosophie']",soviet communism,'Sidney Webb',"['Political Philosophy', 'Philosophy of Economics']",1,1
['Jean-Pierre Vernant'],"['Philosophy, Ancient', 'Intellectual life', 'Civilization', 'Ancient Philosophy', 'Philosophy, ancient']",the origins of greek thought,'Jean-Pierre Vernant',['Ancient Philosophy'],1,1